gZ,平⒚,意味,词频
集める,あつめる,集合，收集，集中,极高
アナウンサ`,あなうんさ`,播音员;广播员；报告员。,极高
意味,いみ,意思,极高
インタ`ネット,いんた`ねっと,因特网。,极高
ウェブ,うぇぶ,网，网络，万维网,极高
エネルギ`,えねるぎ`,精力，活力，干劲，能量,极高
解Q,かいけつ,～,极高
_保,かくほ,～,极高
C械,きかい,～,极高
技g,ぎじゅつ,～,极高
期待,きたい,～,极高
しい,きびしい,严；严格；严厉；严峻,极高
I,ぎょうむ,～,极高
UY,けいけん,～,极高
柯,こうりつ,～,极高
高h,こうれい,～,极高
韦皮,すてる,扔掉，抛弃。,极高
槁,せんりゃく,～,极高
地域,ちいき,地域，地区。,极高
都合,つごう,准备；安排；情况，障碍，机会,极高
分野,ぶんや,领域，范围，战线，方面，岗位。,极高
目,もくひょう,～,极高
有,ゆうこう,～,极高
空き,あき,空缺；空闲,极高
性化,こせいか,～,极高
,しょるい,文件；档案；资料。,极高
得意,とくい,擅长,极高
反,はんのう,～,极高
予s,よやく,～,极高
アドバイス,あどばいす,忠告；劝告；咨询。,高
イメ`ジ,いめ`じ,形象；心象；意象；图像，影像,高
回数,かいすう,～,高
_k,かいはつ,～,高
,かち,～,高
患者,かんじゃ,～,高
工夫,くふう,想办法,高
ゲ`ム,げ`む,游戏,高
Y,けっこう,结构；布局,高
F状,げんじょう,～,高
サ`ビス,さ`びす,招待，廉价出售；服务,高
gH,じっさい,～,高
^ごす,すごす,度过,高
せっかく,せっかく,煞费苦心，特意。难得。,高
M,そしき,～,高
体Y,たいけん,～,高
多,たよう,多种多样,高
伴う,ともなう,伴随,高
仲g,なかま,同志，朋友，伙伴,高
パソコン,ぱそこん,个人电脑，计算机。,高
引っ越し,ひっこし,搬家,高
u,ひょうか,～,高
拾う,ひろう,捡,高
保o,ほご,～,高
ボランティア,ぼらんてぃあ,志愿者,高
マニュアル,まにゅある,手册,高
守る,まもる,看守；守护,高
Oめる,みきわめる,看到最后，确认。看清，看透。,高
o理,むり,无理，不讲理。,高
メ`ル,め`る,邮件,高
目指す,めざす,目标,高
メディア,めでぃあ,媒体,高
メモ,めも,备忘录；笔记,高
役割,やくわり,分配的（任务），担当的职务。,高
予定,よてい,～,高
落き,らくがき,胡写，乱涂写（的）画,高
利益,りえき,～,高
格,かかく,～,高
改善,かいぜん,～,高
Q察,かんさつ,～,高
C能,きのう,机能；功能；作用,高
逆,ぎゃく,逆，倒，反，颠倒。,高
限り,かぎり,限，限度，极限,高
gる,しぼる,榨；挤；拧,高
v演会,こうえんかい,～,高
dせる,のせる,放，搁；托。记载，载入；登载,高
Hに,さいに,紧要关头,高
施O,しせつ,～,高
gF,じつげん,～,高
取りMむ,とりくむ,着手，对付，解决，应对。较量,高
,たいおう,对等，对应，对立，相对。,高
入,どうにゅう,～,高
把握,はあく,握紧,高
浃à,そなえて,准备；预备,高
分析,ぶんせき,分析，化验。分析，剖析。,高
アイディア,あいでぃあ,主意；想法,中
生かす,いかす,使其发挥作用；使其继续生存,中
戒める,いましめる,警戒,中
依m,いらい,委托,中
`和感,いわかん,不协调感,中
インタビュ`,いんたびゅ`,采访，访问。,中
ウェブサイト,うぇぶさいと,网站，网络站点,中
うんざり,うんざり,彻底厌倦，厌烦,中
演,えんげき,演剧，戏剧。,中
延L,えんちょう,～,中
恐れる,おそれる,害怕；恐怕,中
落ちzみ,おちこみ,衰落,中
@い,おどろい,吃惊,中
回,かいこ,回顾,中
^去,かこ,过去，从前。,中
Zる,かたる,讲述,中
vする,かんする,有关,中
荬味,きのどく,（感到）可怜，悲惨。,中
キャリア,きゃりあ,职业。履历，比赛经历,中
キャンペ`ン,きゃんぺ`ん,宣传运动，宣传活动，,中
f力,きょうりょく,～,中
h,ぎろん,议论，争辩。,中
クレジットカ`ド,くれじっとか`ど,信用卡,中
契s,けいやく,～,中
景色,けしき,～,中
视,けんとう,讨论，探讨，研究。,中
行,こうい,～,中
抗,こうか,～,中
後悔,こうかい,～,中
心当たり,こころあたり,猜想，估计，线索。,中
コミュニケ`ション,こみゅにけ`しょん,沟通，交流；通信，报导。,中
避ける,さける,躲开,中
差e,さべつ,～,中
r期,じき,～,中
シフト,しふと,换档,中
受p,じゅしょう,获奖；得奖,中
序,じゅんじょ,～,中
,じゅんび,～,中
状B,じょうたい,～,中
深刻,しんこく,～,中
心配,しんぱい,担心，不安，操心,中
Mi,しんぽ,进步，事物逐渐好转,中
スピ`ド,すぴ`ど,快速，迅速。速度,中
制度,せいど,～,中
O置,せっち,设置；安装。,中
宣,せんでん,～,中
ソファ,そふぁ,沙发。,中
それどころか,それどころか,岂止如此；岂但那样,中
退屈,たいくつ,无聊，闷；寂寞；厌倦。,中
策,たいさく,～,中
タイトル,たいとる,标题；题目。字幕。,中
巧み,たくみ,巧妙,中
mむ,たのむ,拜托,中
チ`ム,ち`む,～,中
知R,ちしき,～,中
注目,ちゅうもく,～,中
ツア`,つあ`,旅行，旅游，游览。,中
通勤,つうきん,上下班，通勤。,中
デ`タ,で`た,数据,中
登h,とうろく,登记，注册。,中
泊り,とまり,住宿,中
なかなか,なかなか,颇，很，非常，相当。,中
iく,ぬく,抽出；拔掉。除掉,中
背景,はいけい,背景;布景;后盾;靠山,中
配属,はいぞく,分配,中
バイト,ばいと,字节，位组,中
激しい,はげしい,激烈的，猛烈的，强烈的,中
果たす,はたす,完全……；彻底……，完成,中
反,はんたい,～,中
,はんばい,～,中
パンフレット,ぱんふれっと,小册子；场刊，宣传册。,中
病,びょうき,～,中
ファクス,ふぁくす,传真,中
}数,ふくすう,～,中
プロジェクト,ぷろじぇくと,企划。设计。开发项目。,中
ペ`ス,ぺ`す,速度，步调，步伐，进度。,中
ベンチャ`,べんちゃ`,冒险，投机，风险投资。,中
マスメディア,ますめでぃあ,传媒介，宣传工具,中
マラソン大会,まらそんたいかい,马拉松大会,中
渡す,みわたす,远望，具望，展望。,中
向き合う,むきあう,相对，相向，面对面,中
螭,むくう,报应；得报,中
Yび,むすび,连结,中
メ`カ`,め`か`,制造厂，厂商；制造者。,中
メリット,めりっと,好处,中
a品,やくひん,～,中
子,ようす,情况。举止，神态,中
喜び,よろこび,喜悦,中
ライン,らいん,线。系统。,中
リ`ダ`,り`だ`,指导者；干部；先驱,中
リスト,りすと,名簿，名单；表，目录，一览表。,中
ロボット,ろぼっと,机器人,中
Qう,あつかう,待遇；对待接待,中
意欲,いよく,热情,中
慰める,なぐさめる,轻松，使愉快。安慰,中
一方で,いっぽうで,一方面,中
\,うんてん,开，驾驶，运转,中
昴颊,おうぼしゃ,应募者；应征者；认购者,中
科目,かもく,项目，条款。,中
^程,かてい,～,中
株式,かぶしき,股，股份；股票,中
やか,ゆるやか,缓慢,中
る,おちいる,陷入,中
模,きぼ,～,中
h,きろく,～,中
客Q的,きゃっかんてき,客观的,中
居心地,いごこち,心情；感觉,中
Oめる,きわめる,穷其究竟，达到极限。,中
勤,きんむ,就职，工作，职务。,中
建て替え,たてかえ,改建,中
`解,ごかい,误解,中
入,こうにゅう,～,中
豪快,ごうかい,豪爽；豪迈,中
克服,こくふく,～,中
混j,こんざつ,混乱；混杂,中
j草,ざっそう,～,中
姿,しせい,～,中
自,じかく,～,中
取引先,とりひきさき,客户，交易户，往来户，顾客,中
充g,じゅうじつ,～,中
重なる,かさなる,重叠。,中
申しzむ,もうしこむ,提议，申请，要求。预约。,中
M行,しんこう,进行；发展,中
u品,せいひん,制品，产品，成品。,中
eみ重ね,つみかさね,积累，层叠、层积、重叠,中
打合せ,うちあわせ,讨论会，事先商量，碰头,中
眺め,ながめ,眺望，了望,中
提示,ていじ,～,中
提出,ていしゅつ,～,中
m切,てきせつ,恰当；适当；妥切。,中
C,てんき,～,中
尤,ばいきゃく,卖掉，销售，变卖,中
由,うりあげ,交易金额，营业额,中
迫る,せまる,强迫；迫使,中
k想,はっそう,想出，主意。表达，表现,中
品N,ひんしゅ,～,中
不得手,ふえて,不擅长、不拿手。,中
浮かぶ,うかぶ,浮；漂；飘；漂浮；飘浮,中
担,ふたん,～,中
部下,ぶか,～,中
部署,ぶしょ,工作岗位；职守,中
文,ぶんしょ,文件，文书,中
き取り,ききとり,听取,中
aう,おぎなう,弥补,中
募る,つのる,募集；招募,中
Nか,ゆたか,物质上丰富，富裕，充裕,中
膨大,ぼうだい,庞大；巨大,中
防ぐ,ふせぐ,防卫，防守，防御。,中
埋める,うめる,填，埋，放入坑中覆盖,中
P,ろうどう,劳动；工作；体力劳动。,中
理,ろんり,逻辑，论理,中
Tシャツ,Ｔしゃつ,T恤,
アウト,あうと,界外球；出局,
アウトライン,あうとらいん,外形；概要,
敢えて,あえて,敢于,
アクセス,あくせす,访问,
足腰,あしこし,腰脚,
Aかり,あずかり,收存；保管,
焦り,あせり,焦急,
改めたい,あらためたい,想改变,
ありありと,ありありと,清清楚楚，明明白白,
ありえない,ありえない,不可能,
アルバイト,あるばいと,打工,
合わせる,あわせる,并；合；齐。,
安易,あんい,容易的；不费劲的,
アンケ`ト,あんけ`と,通讯调查；征询意见,
安泰,あんたい,安泰，安宁,
委T,いいん,～,
いい加p,いいかげん,适可而止，不过分,
意外,いがい,～,
怒り,いかり,愤怒,
意,いけん,～,
意思,いし,～,
意R,いしき,～,
一,いちおう,大致，大体；首先；暂且,
一言,いちげん,～,
一目,いちもく,～,
一,いっかん,～,
一切,いっさい,一再；多次,
韦,いつわり,虚伪；不真实,
田h,いなか,乡下；农村,
イニシアティブ,いにしあてぃぶ,计划,
イベント,いべんと,事件，活动，大事；集会,
Kす,いやす,治愈,
インスト`ル,いんすと`る,安装,
引退,いんたい,引退，退职。,
失う,うしなう,失常；丢失；失落；丧失；失去,
うすうす,うすうす,微微。稍稍。隐隐约约,
嘘,うそ,谎言，假话,
疑う,うたがう,怀疑，疑惑,
打ち上げ,うちあげ,发射。演出结束。,
Vえる,うったえる,诉讼；控告,
腕,うで,～,
Zう,うばう,夺，抢夺，剥夺,
生まれる,うまれる,诞生，产生。,
\用,うんよう,运用，活用。,
I,えいぎょう,～,
エジソン,えじそん,爱迪生,
エラ`,えら`,错误,
エレガント,えれがんと,优美，靓丽,
h方,えんぽう,～,
折いあい,おりいあい,巧合,
往,おうふく,来往，往返。,
横暴,おうぼう,残暴,
大,おおわく,大致的框架,
落ち着いて,おちついて,冷静点,
H方,おやかた,师傅,
Hしまれて,したしまれて,被亲近了,
_口,かいこう,～,
_催,かいさい,举办,
解h,かいせつ,～,
改M,かいそ,～,
A,かいそう,阶层,
_拓,かいたく,开垦；开荒,
ガイド,がいど,向导，导游。,
き入れる,かきいれる,填入,
_g,かくじつ,确实；准确,
隔x,かくり,隔离，隔绝,
欠ける,かける,破缺。缺口。,
かさばる,かさばる,太大，太重，太贵,
家事,かじ,家务事，家政。,
カジュアル,かじゅある,简便，轻松。,
糟,かす,酒糟(同さけかす),
Jす,かす,借出；借给,
片方,かたほう,一面。全体，满，一片,
片道,かたみち,单程,
偏り,かたより,偏,
Q,かちかん,～,
画期的,かっきてき,划时代的,
偈,かって,任意；随便，为所欲为,
株,かぶか,股票价格,
かまう,かまう,管，理会，干预；在意，照料,
カラオケ,からおけ,伴唱机，卡拉OK。,
Q光,かんこう,～,
看o,かんごし,～,
ap,かんしょう,～,
v心,かんしん,～,
a定,かんてい,～,
芳しい,かんばしい,芬芳,
望,がんぼう,～,
基,きじゅん,～,
⑹,きせい,归乡，回乡（探亲）,
う,きそう,竞争；争夺；竞赛,
える,きたえる,锻造，打制，锤炼。,
F重,きちょう,～,
キャッチボ`ル,きゃっちぼ`る,投接球练习，投球戏。,
休B,きゅうよう,～,
丘陵,きゅうりょう,～,
供述,きょうじゅつ,供述，口供。,
制,きょうせい,～,
I,ぎょうせき,～,
争,きょうそう,～,
共有,きょうゆう,一物有多数人所共有,
拒~,きょぜつ,～,
o,きんちょう,～,
筋肉,きんにく,肌肉，筋肉。,
クイズ,くいず,猜谜,
l除,くじょ,～,
具体,ぐたい,～,
悔しい,くやしい,后悔,
クリア,くりあ,清除,
グル`プ,ぐる`ぷ,组合,
グル`プごとに,ぐる`ぷごとに,每个组,
苦,くろう,辛苦,
U,けいえい,～,
蒙,けいもう,～,
Y成,けっせい,组成,
嫌,けんお,讨厌,
嫌感,けんおかん,厌恶之情,
言及,げんきゅう,提及；说到,
g,けんじつ,～,
Fg,げんじつ,～,
研修,けんしゅう,～,
献身,けんしん,～,
建O,けんせつ,～,
p量,げんりょう,～,
コインロッカ`,こいんろっか`,投币式自动存放柜,
诟,こうこく,～,
こうした,こうした,这种，这样的。,
交h,こうしょう,关系；联系。谈判；交涉。,
造,こうぞう,～,
交代,こうたい,交替，轮流，替换。,
好{,こうちょう,顺利，情况良好。,
行,こうどう,～,
候a,こうほ,～,
恒例,こうれい,惯例；常规,
コ`ス,こ`す,道路，路线,
コ`ナ`,こ`な`,角，拐角，角落,
客,こきゃく,～,
告白,こくはく,～,
なる,ことなる,不同，不一样。,
コピ`,こぴ`,复制,
こぼれた,こぼれた,洒落。溢出。凋落。流出。,
コマ`シャル,こま`しゃる,商业的，商务的；商业广告,
こもって,こもって,充满气体；闷；幽闭,
S,ごらく,～,
根,こんき,耐性，耐心，毅力,
根,こんきょ,根据，依据。,
コントロ`ル,こんとろ`る,管控，控制,
コンポレックス,こんぽれっくす,复合体,
サ`クル,さ`くる,圆圈；圆周；小组，班,
暮,さいがい,～,
在,ざいこ,库存。存货。,
最m,さいてき,最适，最适合，最适度,
サイト,さいと,站点,
栽培,さいばい,～,
サイン,さいん,签名,
辘à,さえる,寒冷,
Tって,さそって,邀请,
j,ざっか,～,
匦,ざんしん,～,
山,さんちょう,～,
残留,ざんりゅう,～,
ジ`ンズ,じ`んず,牛仔裤,
仕方,しかた,方法,
しかも,しかも,而且,
次期,じき,下期,
しくじって,しくじって,失败了,
仕Mみ,しくみ,工作原理,
Y源,しげん,～,
死Z,しご,已不使用的语言，死语，废词,
支持,しじ,～,
システム,しすてむ,系统,
自,じせき,～,
,しせん,～,
事B,じたい,～,
辞退,じたい,～,
兢,したがう,跟随,
下,したがき,草稿；底稿,
`る,しばる,捆；绑,
しぶっていた,しぶっていた,不痛快,
しぶとい,しぶとい,顽强的；倔强的,
地味,じみ,朴素,
指名,しめい,～,
市役所,しやくしょ,市政府,
遮断,しゃだん,～,
若干,じゃっかん,多少。若干。几多。,
ジャム,じゃむ,果（子）酱。,
シャンプ`,しゃんぷ`,洗发精。,
修I,しゅうぎょう,～,
集合,しゅうごう,～,
集中,しゅうちゅう,～,
得,しゅうとく,～,
柔,じゅうなん,～,
住民,じゅうみん,～,
容,しゅうよう,～,
就,しゅうろう,工作,
熟知,じゅくち,熟悉。,
取材,しゅざい,～,
手段,しゅだん,～,
主,しゅどう,主导，主动,
趣味,しゅみ,～,
主役,しゅやく,主要人物。主角。,
N,しゅるい,～,
位,じゅんい,名次，位次，席次，等级。,
瞬g,しゅんかん,～,
常R,じょうしき,～,
上N,じょうしょう,上升,
上_,じょうたつ,进步，学术和技术等提高。,
n,しょうどう,打击，震惊。冲动。,
承J,しょうにん,～,
p品,しょうひん,赏品，奖品。,
上品,じょうひん,～,
儇,しょうぶ,～,
I,しょくぎょう,～,
植物,しょくぶつ,～,
所持,しょじ,～,
体,しょたい,字体，笔体。,
u,しょひょう,～,
自立,じりつ,自立，独立,
心境,しんきょう,心境，心情，精神状态,
H戚,しんせき,～,
しんどくて,しんどくて,疲劳；累,
真面目,しんめんもく,～,
真理,しんり,～,
推M,すいしん,～,
すいすいと,すいすいと,轻快地；进展顺利；畅通无阻,
推],すいせん,推荐,
随P,ずいひつ,～,
スカ`フ,すか`ふ,围巾,
スクリ`ン,すくり`ん,屏幕,
スケジュ`ル,すけじゅ`る,日程表,
スケッチ,すけっち,草图,
Mめられて,すすめられて,被推进了,
幛幛,すすめる,劝，劝告，劝诱。,
すっかり,すっかり,完全,
スポ`ツジム,すぽ`つじむ,健身房，体育馆。,
スマ`トフォン,すま`とふぉん,智能手机,
速やか,すみやか,快，迅速；及时。,
スム`ズ,すむ`ず,光滑，平滑；流畅,
すらいすして,すらいすして,随便劝说,
精一杯,せいいっぱい,竭尽全力,
制作,せいさく,～,
u作,せいさく,制造,
生r,せいせん,新鲜,
清,せいそう,打扫,
精度,せいど,～,
成分,せいぶん,～,
せかせかと,せかせかと,急急忙忙；慌慌张张,
世,せたい,家庭，,
~景,ぜっけい,绝景，绝佳景色。,
切g,せつじつ,切实，迫切，殷切。,
O立,せつりつ,设立，成立。,
セミナ`,せみな`,研讨会。,
セリフ,せりふ,台词,
x考,せんこう,选拔。,
xk,せんたく,～,
T,せんもん,专门；专业；专长。,
洗,せんれん,洗练；精炼,
沿う,そう,沿着,
即断,そくだん,立即决定,
p,そんしょう,～,
退,たいじょう,退席，退场，退出。,
代替,だいたい,～,
B度,たいど,～,
ダウン,だうん,落下，降落，下降,
多少,たしょう,～,
多数,たすう,～,
Uった,たった,过了,
打破,だは,～,
@,たん,叹气,
探求,たんきゅう,～,
淡々,たんたん,淡淡,
チェック,ちぇっく,～,
`う,ちがう,不同 ，差别，不一样；错误,
W刻,ちこく,～,
地,ちず,～,
ちっとも,ちっとも,一点儿也（不）,
{_,ちょうたつ,筹措,
著作,ちょさく,～,
直感,ちょっかん,～,
つかのg,つかのま,特别短的时间,
突き止める,つきとめる,追究，彻底查明。找到，查明,
栅幛,つとめる,职务；担任,
提案,ていあん,～,
抵抗,ていこう,～,
程度,ていど,～,
丁,ていねい,小心谨慎，周到，细心,
低迷,ていめい,低垂；弥漫；低迷,
テ`マ,て`ま,主题,
てこずる,てこずる,棘手；难对付,
デザイン,でざいん,设计,
,てんしょく,～,
天然,てんねん,～,
倒b,とうさん,～,
到_,とうたつ,～,
都会,とかい,城市,
i者,どくしゃ,～,
特殊,とくしゅ,～,
独立,どくりつ,～,
届い,とどい,够得着,
とにかく,とにかく,总之,
徒i,とほ,～,
トラック,とらっく,卡车,
トラブル,とらぶる,纠纷，纠葛;纷争;麻烦。,
なだめられて,なだめられて,劝解，抚慰，缓和情绪。,
r家,のうか,～,
rI,のうぎょう,～,
r林,のうりん,～,
残る,のこる,～,
Rむ,のぞむ,面临；面对,
tる,のっとる,根据,
述べる,のべる,讲，说明；记述,
\り出す,のりだす,乘……出去。挺出，探出,
のろのろと,のろのろと,迟缓；慢吞吞的,
物,はいきぶつ,～,
ハイキング,はいきんぐ,郊游，远足,
媒体,ばいたい,媒介物，手段，,
配分,はいぶん,分配,
俳,はいゆう,演员,
配列,はいれつ,排列。,
漠然,ばくぜん,含混，含糊；笼统。,
励ます,はげます,鼓励，激励，勉励,
挟む,はさむ,插入；夹住；隔；插（话）,
はっきり,はっきり,清清楚楚,
パッケ`ジ,ぱっけ`じ,包装。,
k,はっけん,～,
伐,ばっさい,～,
i,ばっすい,摘录，集锦。,
k送,はっそう,～,
k,はつでん,～,
k,はつばい,卖，发售，出售,
k表,はっぴょう,～,
ハム,はむ,火腿,
バランス,ばらんす,平衡，平均，均衡。,
,はんい,～,
年,ばんねん,～,
反,はんろん,反论，反驳,
ピ`ク,ぴ`く,山顶，山巅，顶峰,
被害者,ひがいしゃ,～,
日り,ひがえり,当天去当天回。,
比^,ひかく,～,
惹かれる,ひかれる,心被吸引了,
引きQえ,ひきかえ,交换，兑换，更换,
引き取り,ひきとり,退回，退出，领取，取回,
日,ひごろ,平时,
美g,びじゅつ,～,
微笑,びしょう,～,
ピックアップ,ぴっくあっぷ,拾起，选出。,
ヒット,ひっと,打中，大成功，大受欢迎,
人K,ひとなみ,普通；一般,
皮肉,ひにく,讽刺,
淦,びひん,～,
微妙,びみょう,～,
表情,ひょうじょう,～,
表明,ひょうめい,～,
敏感,びんかん,～,
品|,ひんしつ,～,
ファイル,ふぁいる,～,
ファミリ`,ふぁみり`,家族,
フォ`ム,ふぉ`む,形式，样式，型。姿势。,
不景,ふけいき,不景气，萧条,
o事,ぶじ,～,
伏せる,ふせる,隐藏,
突,ふっかつ,～,
ぶつかる,ぶつかる,碰，撞。猛地接触上。,
ふと,ふと,偶然,
不,ふまん,～,
麓,ふもと,山脚,
プライバシ`,ぷらいばし`,隐私,
プライベ`ト,ぷらいべ`と,个人的，私人的。,
ふらふらと,ふらふらと,摇摇晃晃；犹豫不定,
ブランド,ぶらんど,牌子，商标。,
振り方,ふりかた,处置，对待（方法）,
プロジェクタ`,ぷろじぇくた`,投影机，放映机；放画器，幻灯,
ブロック,ぶろっく,块，堆。街区，地段。,
フロント,ふろんと,正面，前面,
,ふんいき,气氛，空气。,
文,ぶんこ,～,
分e,ぶんべつ,～,
平,へいき,冷静。不在乎，不介意,
隔たり,へだたり,分歧；间隔,
ベテラン,べてらん,老手，老把式，老练的人。,
弁o士,べんごし,～,
妨害,ぼうがい,妨害，妨碍。,
ホ`ム,ほ`む,站台，月台。家,
ポスタ`,ぽすた`,广告画,
掘る,ほる,挖掘,
本格,ほんかく,原则，正规，规范,
本番,ほんばん,正式值班。正式表演,
ぼんやり,ぼんやり,心不在焉；发呆；无所事事,
まったく,まったく,完全地，真，实在。,
まとめる,まとめる,汇集，集中；整理，总结,
gに合う,まにあう,～,
狠d,まんさい,满载，载满，装满。,
学,けんがく,～,
短い,みじかい,～,
自ら,みずから,亲自；自己；亲身,
Jめる,みとめる,认识，赏识，重视,
南,みなみがわ,～,
う,みならう,见习，学习，模仿。,
身につく,みにつく,掌握（某项技能）。,
魅力,みりょく,～,
o,むし,～,
むしろ,むしろ,与其……不如……；宁可,
めいめいに,めいめいに,各自；各们；每；本本；每个,
メ`トル,め`とる,米,
メ`ルアドレス,め`るあどれす,邮件地址,
珍しい,めずらしい,罕见,
メッセ`ジ,めっせ`じ,信息,
目につく,めにつく,引人注目,
面R,めんしき,认识,
面倒,めんどう,麻烦,
モデル,もでる,模型,
物Z,ものがたり,故事,
Bう,やしなう,养育,
野生,やせい,～,
,ゆうしょう,～,
ゆだねられて,ゆだねられて,被委托了,
用意,ようい,～,
余,よけい,多余，剩下。,
寄せる,よせる,使靠近，使移动，集中；召集,
予防,よぼう,预防。,
iみ取る,よみとる,领会，读懂，看明白，理解。,
来期,らいき,下期,
ライバル,らいばる,竞争对手,
ラジオ,らじお,～,
利点,りてん,优点,
ル`ル,る`る,规则，章程。,
ルックス,るっくす,容貌；仪表,
レイアウト,れいあうと,版面设计,
レシ`ト,れし`と,收款条，收条，收据。,
劣化,れっか,恶化；变坏,
B休,れんきゅう,～,
ロ`プウエ`,ろ`ぷうえ`,索道，钢丝索道，空中吊车,
ロ`リスク,ろ`りすく,低风险,
文,ろんぶん,～,
|,わき,腋下；胳膊窝,
わく,わく,逐渐增加；增强；肿胀；优秀,
|,あくしつ,质量坏；粗劣,
安,あんか,廉价，便宜,
安心,あんしん,～,
案内,あんない,引导，向导；导游,
以下のような,いかのような,如下,
意志,いし,～,
|,いしつ,性质不同,
,いどう,调动,
S持,いじ,～,
育てる,そだてる,培育；教育；发展。,
一人一人に,ひとりひとりに,每个人,
一扭,いっせいに,同时；一齐,
一途,いちず,一心一意；专心,
一B,いちれん,一连串,
印象,いんしょう,印象,
Lす,かくす,隐藏,
\ぶ,はこぶ,搬运，运送。,
\搬,うんぱん,搬运，运输,
婴,いとなむ,经营,
,えいい,营，经营;事业,
佯B,えいよう,～,
演じる,えんじる,表演；扮演,
演奏会,えんそうかい,～,
hざける,とおざける,躲开，避开，躲远。,
Aれる,よごれる,污染。失去贞操。,
暝,おうえん,支援，援助，救援。,
恩{,おんけい,～,
恩返し,おんがえし,报恩,
化品,けしょうひん,～,
加える,くわえる,加上,
架け,かけはし,桥梁。吊桥，栈桥,
^信,かしん,过于相信,
介入,かいにゅう,～,
会,かいけい,～,
回,かいふく,～,
快m,かいてき,舒适,
外,がいけん,外表,
,かくちょう,～,
格好,かっこう,样子，外形，装束，打扮,
格段,かくだん,特别,
隔L,かくしゅう,每隔一周，隔周,
学部,がくぶ,日本旧制大学的本科,
欷碧妞,かけがえ,替换,
割安,わりやす,价钱比较便宜。,
活性化,かっせいか,活化作用；活性化,
活用,かつよう,有效地利用；正确地使用,
刈る,かる,割掉,
にまとめて,かんけつにまとめて,简洁地总结,
和,かんわ,～,
Q客,かんきゃく,观众,
危,きけん,～,
危惧,きぐ,畏惧；担心,
基{,きちょう,主音，主调，基调；基准,
基P,きばん,基础；底座；底子。,
寄りかかった,よりかかった,依靠,
锥,いくた,许多，无数,
既存,きぞん,原有，已有。,
期g,きかん,～,
⑹,きぞく,跟从，从属；属于,
制,きせい,规定（章则）；限制，控制。,
号,きごう,～,
,にせ,假，假冒；赝品,
h},ぎだい,议题，讨论题目。,
h,ぎろん,～,
瞬璧,きっさてん,茶馆，咖啡馆。,
まる,つまる,塞满；堵塞,
休暇,きゅうか,休假,
F屈,きゅうくつ,瘦小；狭窄；紧,
居眠り,いねむり,打瞌睡,
虚ろ,うつろ,发呆。空虚的样子,
距x,きょり,～,
供o,きょうきゅう,～,
@@,きょうたん,惊叹,
勤勉,きんべん,勤勉，勤劳。,
均|,きんしつ,均质，等质；均质性,
筋,すじがき,情节；概要,
近,ちかごろ,近来;万分;非常,
近O,きんりん,近邻，邻近,
金融,きんゆう,～,
区民,くみん,～,
lけ付けた,かけつけた,跑到；急忙赶往,
具合,ぐあい,情况,
空しく,むなしく,空的，空洞的,
空g,くうかん,～,
空港,くうこう,机场,
A向,けいこう,～,
U由,けいゆう,～,
@A,けいぞく,～,
画,けいかく,～,
警告,けいこく,～,
Xp,けいげん,减轻,
,げきじょう,～,
,げきだん,～,
穴,あな,孔，眼；洞，缺点；漏洞,
Yびついた,むすびついた,有联系；连接在一起,
Y局,けっきょく,～,
建B,けんちく,～,
合う,みあう,平衡，均衡，相抵，互相对看。,
R,けんしき,～,
失う,みうしなう,看不见，迷失，看丢了,
守り,みまもり,凝视，注视，关怀。,
eもる,みつもる,估计，估算，折合,
定める,みさだめる,看准；看清,
付ける,みつける,去寻找，去发现,
,けんぶん,～,
t虚,けんきょ,～,
原稿,げんこう,～,
原点,げんてん,～,
,げんしゅく,～,
p少,げんしょう,～,
弧,こ,～,
Fる,ほこる,自豪,
雇,やとい,雇用。租用。,
`った,あやまった,误，搞错，做错，错误,
`操作,ごそうさ,～,
交差,こうさ,交叉（线路，道路）,
交替,こうたい,～,
公_,こうかい,～,
厚生,こうせい,提高生活；增进健康；保健,
口^,こうとう,口头（表达）,
工事,こうじ,工程，工事，施工,
幸福,こうふく,～,
冥菠,ひろげる,扩大,
B,こうちく,构筑，建筑。,
行き渡り,いきわたり,普遍。普及,
高~,こうがく,～,
合唱,がっしょう,～,
豪A,ごうか,～,
克明,こくめい,认真仔细，细心，细致,
根源,こんげん,根源，事物的根本,
根本,こんぽん,根本，根源。,
混ざる,まざる,搀混，搀杂，混杂,
些,ささい,琐碎,
左折,させつ,左转,
差,さい,～,
座席,ざせき,～,
再JR,さいにんしき,～,
最先,さいゆうせん,～,
k,さいたく,选择；通过,
かく,こまかく,细的,
政,ざいせい,～,
作,さどう,发动；工作；运转,
策,さく,计策,
e`,さくご,～,
刷りzむ,すりこむ,加印上，印刷进去,
皿,さら,碟子,
散乱,さんらん,～,
m成,さんせい,～,
m同,さんどう,～,
酸味,さんみ,～,
司会,しかい,主持人,
姿,すがた,姿态,
指,しどう,～,
指,しひょう,～,
至る,いたる,至，到。至于，达到,
至要,しよう,极重要，至要。,
行,しこう,试验，试行,
Y格,しかく,～,
Y材,しざい,资材，材料,
う,かう,养,
事g,じじつ,～,
持ち方,もちかた,拿法。,
次々と,つぎつぎと,一个个,
自体,じたい,本身,
自宅,じたく,家,
自任,じにん,～,
湿,しっけ,～,
尺度,しゃくど,尺，尺子；长度，尺寸,
弱点,じゃくてん,～,
主x,しゅぎ,～,
主},しゅだい,～,
手g,てま,劳力和时间，工夫；工钱。,
手,てごろ,适手。适合，适称,
手当,てあて,预备，准备，治疗,
手配,てはい,安排,
手立て,てだて,手架,
Х,しゅうかく,～,
Ъ,しゅうしゅう,收集,
集,しゅうけい,～,
重,じゅうし,～,
宿泊,しゅくはく,住宿；投宿,
熟考,じゅっこう,熟虑。仔细考虑。,
出M,しゅっぴ,开支，支出，开销,
,じゅんすい,～,
々に,じゅんじゅんに,按顺序；依次,
番,じゅんばん,顺序，次序；轮班，轮流,
商,しょうだん,～,
^明,しょうめい,～,
しく丁に,くわしくていねいに,详细并且细心地,
象,しょうちょう,象征,
丈夫で,じょうぶで,结实；坚固,
植生,しょくせい,植被,
る,おる,织,
N,しょくしゅ,～,
人,しょくにん,～,
色合い,いろあい,色调,
信号,しんごう,～,
心え,こころがまえ,精神准备，思想准备。,
新た,あらた,新的，首次。,
真g,しんじつ,～,
Hしい,したしい,亲近,
H近感,しんきんかん,～,
\察,しんさつ,～,
M出,しんしゅつ,进入，打入；挤进；参加,
人体,じんたい,人体,
人柄,ひとがら,人品；人格；品质,
人},じんみゃく,～,
遂げる,とげる,完成,
嵩んで,かさんで,增大；增多（体积；数量；金额）,
澄む,すむ,清澈；光亮；清晰悦耳,
是正,ぜせい,订正；更正；矫正；纠正,
制限,せいげん,限制,
生き生きと,いきいきと,生动的,
生B系,せいたいけい,～,
盛大に,せいだいに,隆重；盛大,
精通,せいつう,～,
求,せいきゅうしょ,～,
石段,いしだん,石阶,
eみ上げ,つみあげ,堆积，积累。,
eむ,つむ,堆积，积垒；装载；积累，,
eO,せっきょく,积极,
切りiけ,きりぬけ,剪下，切下。,
切りxす,きりはなす,切开，分开,
O定,せってい,～,
~大に,ぜつだいに,巨大,
先s,せんやく,以前的诺言，以前的约定,
潜在,せんざい,～,
r烈に,せんれつに,鲜明；强烈,
造,そうぞう,～,
想像,そうぞう,～,
想定,そうてい,～,
操I,そうぎょう,作业；开工,
早速,さっそく,立刻,
相槌,あいづち,随声附和,
t合,そうごう,～,
装,そうしょく,～,
遭遇,そうぐう,～,
造形,ぞうけい,～,
yる,はかる,丈量；量；计量；推测。,
p失,そんしつ,～,
多角的な,たかくてきな,多方面的,
多k,たはつ,～,
I,たいしょ,处理，应付，对付,
待合室,まちあいしつ,等候室。,
滞る,とどこおる,堵塞；积压；延误,
袋,ふくろ,袋，口袋，纸袋，布袋,
退,たいしょく,～,
大波,おおなみ,大浪,
_する,たっする,到达,
脱ぐ,ぬぐ,～,
g,たんじゅん,～,
担当,たんとう,～,
探る,さぐる,探；摸；调查,
短期,たんき,～,
断る,ことわる,不应允，拒绝；事先打招呼,
段A,だんかい,～,
地位,ちい,～,
池,いけ,池塘,
置き,おき,每间隔，每隔。,
着想,ちゃくそう,～,
中断,ちゅうだん,～,
抽x,ちゅうせん,～,
挑,ちょうせん,～,
v,ちょうこう,～,
{子,ちょうし,程度，情况。状况，样子,
{整,ちょうせい,～,
L期的,ちょうきてき,～,
直,ちょくせん,～,
直前,ちょくぜん,～,
追いzむ,おいこむ,赶进，撵进； 逼入,
追E,ついせき,～,
れる,つぶれる,压坏，挤破，压碎。,
爪,つめ,～,
m当,てきとう,～,
m用,てきよう,～,
撤去,てっきょ,撤除；拆除,
展_,てんかい,～,
添付,てんぷ,附加,
倒,てんとう,跌倒,
唤y,でんとう,～,
度胸,どきょう,胆量；气魄,
土器,どき,陶器,
土砂,どしゃ,～,
土,どじょう,～,
投げる,なげる,投，抛，扔，掷；摔；,
y合,とうごう,合并,
踏まえる,ふまえる,作为根据，踏；踩。,
踏みg`い,ふみまちがい,踩错,
透明,とうめい,～,
同僚,どうりょう,同事,
Г,みちびく,引导，指导，领导。,
iみ直す,よみなおす,重读。,
突っzんだ,つっこんだ,闯入；深入,
内省,ないせい,反省，自我检查；内省,
入念,にゅうねん,细心，仔细，精心,
忍耐,にんたい,忍耐,
JR,にんしき,～,
J定,にんてい,认定,
年寄,としより,年老,
燃料,ねんりょう,～,
饷,のうみつ,浓厚而细腻。,
能力,のうりょく,～,
排除,はいじょ,～,
配,はいしゅう,配收,
博大,はくだい,博大,
薄く,うすく,薄的,
莫大,ばくだい,莫大；数量非常大,
k],はっき,发挥,
k色,はっしょく,发色；生色,
k展,はってん,～,
k明,はつめい,～,
犯人,はんにん,～,
番M,ばんぐみ,广播，演剧，比赛等的）节目,
wS,ひやく,～,
浃ǜ钉堡,そなえつける,设置，备置，装置。,
不安,ふあん,～,
不思h,ふしぎ,难以想象，不可思议,
付き合い,つきあい,交际，交往，来往,
布,ぬの,～,
舞台,ぶたい,～,
L土,ふうど,～,
副I,ふくぎょう,～,
福利,ふくり,～,
覆う,おおう,蒙上，盖上，覆盖,
分限,ぶんげん,身份，财产，有钱人。,
れ,まぎれ,混同，混杂，极为，过分。,
失,ふんしつ,遗失，丢失，失落。,
Kべて,ならべて,摆；陈列,
む,あむ,编，织；编辑；安排，编排。,
弁,べんろん,辩论,
i道,ほどう,人行道,
aい合える,おぎないあえる,相辅相成,
a,ほきょう,增强；强化,
a助,ほじょ,～,
募集,ぼしゅう,～,
放置,ほうち,～,
方策,ほうさく,方策，方略,
方,ほうしん,～,
慢性,まんせい,～,
氦郡,みたす,满足。充满；填满,
o意R,むいしき,～,
o料,むりょう,免费,
矛盾,むじゅん,～,
面,めんだん,～,
面白い,おもしろい,有意思；有趣,
模,もよう,花样，情况，情形,
木材,もくざい,～,
目安,めやす,目标,
目通し,めとおし,过目,
愉快,ゆかい,愉快,
送,ゆそう,～,
勇,ゆうき,～,
T拐,ゆうかい,诱拐,
]送,ゆうそう,～,
予算,よさん,～,
余分,よぶん,多余，剩余。,
幼い,おさない,年幼,
溶けzませる,とけこませる,熔化,
踊り,おどり,舞蹈,
落下,らっか,～,
立ちる,たちもどる,返回,
流布,るふ,流传；散布；传播,
溜まる,たまる,积压,
旅先,たびさき,旅途,
I立,りょうりつ,两立；并存。,
郭,りんかく,～,
例の,れいの,往常的，照例的。,
る,ねる,炼；推敲；熬制,
B,れんどう,联锁，联动，传动,
老朽化,ろうきゅうか,老旧,
和,わし,日本纸。,
},わだい,～,
P躇,ちゅうちょ,踌躇；犹豫,
